{
  "project_info": {
    "project_number": "658531854315",
    "firebase_url": "https://moive-a688e.firebaseio.com",
    "project_id": "moive-a688e",
    "storage_bucket": "moive-a688e.appspot.com"
  },
  "client": [
    {
      "client_info": {
        "mobilesdk_app_id": "1:658531854315:android:2baffbcf5089d1a3",
        "android_client_info": {
          "package_name": "com.example.lee.movie"
        }
      },
      "oauth_client": [
        {
          "client_id": "658531854315-fgh6rg0dp6og5q1287dbt9jqnort1dnu.apps.googleusercontent.com",
          "client_type": 1,
          "android_info": {
            "package_name": "com.example.lee.movie",
            "certificate_hash": "ef650bdcbd8e1eec35afe35090d1bfacb76ef3df"
          }
        },
        {
          "client_id": "658531854315-ar27pm1lb5tvn21nnt4l2qmkm4anvds9.apps.googleusercontent.com",
          "client_type": 1,
          "android_info": {
            "package_name": "com.example.lee.movie",
            "certificate_hash": "bf54152f8da864bdc2bfbf27c51f43bd7e293206"
          }
        },
        {
          "client_id": "658531854315-6tokgkonlel9avcs7sqtfc7r7go6qduo.apps.googleusercontent.com",
          "client_type": 3
        }
      ],
      "api_key": [
        {
          "current_key": "AIzaSyD_kmPuKKZypQqCNPF47bWOEbZtAFqkWGo"
        }
      ],
      "services": {
        "analytics_service": {
          "status": 1
        },
        "appinvite_service": {
          "status": 2,
          "other_platform_oauth_client": [
            {
              "client_id": "658531854315-6tokgkonlel9avcs7sqtfc7r7go6qduo.apps.googleusercontent.com",
              "client_type": 3
            }
          ]
        },
        "ads_service": {
          "status": 2
        }
      }
    }
  ],
  "configuration_version": "1"
}